registrySchemaVersion	2
id	title	subject	category	topic	environmentFamily	executorKind	inputs	outputs	widget	widgetSizes	compact	offlinePolicy	liveDataPolicy	historyPolicy	schemaVersion	aliases
age-calculator	Age Calculator	DATE_TIME	Dates	Age	DateTimeTool	DATE_TIME	birthDate:DATE;onDate:DATE	age:TEXT	false		false	OFFLINE_FULL	NONE	SAVE	1	age|how old
arithmetic-sequence	Arithmetic Sequence	MATH	Algebra	Sequences	FormulaSolver	MATH_UTILITY	first:NUMBER;difference:NUMBER;n:INTEGER	nth:NUMBER;sum:NUMBER	false		false	OFFLINE_FULL	NONE	SAVE	1	ap|arithmetic progression
calculus-tool	Calculus Tool	MATH	Calculus	Differentiation and integration	CalculusTool	CALCULUS	operation:SELECT{differentiate,integrate,numerical derivative,numerical integral};expression:EXPRESSION;from:NUMBER?;to:NUMBER?;at:NUMBER?	result:STRUCTURED	false		false	OFFLINE_FULL	NONE	SAVE	1	calculus|derivative|integral
chemistry-dilution	Dilution	CHEMISTRY	Chemistry	Solutions	FormulaSolver	FORMULA	C1:NUMBER[mol/L];V1:NUMBER[L];C2:NUMBER[mol/L];V2:NUMBER[L]	C1:NUMBER;V1:NUMBER;C2:NUMBER;V2:NUMBER	false		false	OFFLINE_FULL	NONE	SAVE	1	
chemistry-ideal-gas	Ideal Gas Law	CHEMISTRY	Chemistry	Gases	FormulaSolver	FORMULA	P:NUMBER[Pa];V:NUMBER[m³];n:NUMBER[mol];T:NUMBER[K]	P:NUMBER;V:NUMBER;n:NUMBER;T:NUMBER	false		false	OFFLINE_FULL	NONE	SAVE	1	gas law|pv=nrt
chemistry-mass-moles	Mass ↔ Moles	CHEMISTRY	Chemistry	Amount of Substance	FormulaSolver	FORMULA	n:NUMBER[mol];m:NUMBER[g];M:NUMBER[g/mol]	n:NUMBER;m:NUMBER;M:NUMBER	false		false	OFFLINE_FULL	NONE	SAVE	1	
chemistry-molarity	Molarity	CHEMISTRY	Chemistry	Solutions	FormulaSolver	FORMULA	C:NUMBER[mol/L];n:NUMBER[mol];V:NUMBER[L]	C:NUMBER;n:NUMBER;V:NUMBER	false		false	OFFLINE_FULL	NONE	SAVE	1	
chemistry-solution-density	Solution Density	CHEMISTRY	Chemistry	Solutions	FormulaSolver	FORMULA	rho:NUMBER[kg/m³];m:NUMBER[kg];V:NUMBER[m³]	rho:NUMBER;m:NUMBER;V:NUMBER	false		false	OFFLINE_FULL	NONE	SAVE	1	
chemistry-stoichiometric-ratio	Stoichiometric Mole Ratio	CHEMISTRY	Chemistry	Stoichiometry	FormulaSolver	FORMULA	n1:NUMBER[mol];c1:NUMBER;c2:NUMBER;n2:NUMBER[mol]	n2:NUMBER;n1:NUMBER	false		false	OFFLINE_FULL	NONE	SAVE	1	mole ratio|stoichiometry
complex-calculator	Complex Number Calculator	MATH	Complex Numbers	Complex arithmetic	FormulaSolver	EXPRESSION	expression:EXPRESSION	result:STRUCTURED	false		false	OFFLINE_FULL	NONE	SAVE	1	complex numbers|imaginary numbers
coordinate-distance	Point Distance	GEOMETRY	Coordinate Geometry	Points	GeometryTool	GEOMETRY	x1:NUMBER;y1:NUMBER;x2:NUMBER;y2:NUMBER	distance:NUMBER	false		false	OFFLINE_FULL	NONE	SAVE	1	distance formula
coordinate-midpoint	Midpoint	GEOMETRY	Coordinate Geometry	Points	GeometryTool	GEOMETRY	x1:NUMBER;y1:NUMBER;x2:NUMBER;y2:NUMBER	midpoint:STRUCTURED	false		false	OFFLINE_FULL	NONE	SAVE	1	
cubic-solver	Cubic Equation Solver	MATH	Algebra	Cubic equations	PolynomialSolver	POLYNOMIAL	a:NUMBER;b:NUMBER;c:NUMBER;d:NUMBER;rhs:NUMBER?	roots:ROOTS	false		false	OFFLINE_FULL	NONE	SAVE	1	cubic|third degree equation
date-add-duration	Add / Subtract Duration	DATE_TIME	Dates	Calendar arithmetic	DateTimeTool	DATE_TIME	date:DATE;years:INTEGER?;months:INTEGER?;days:INTEGER?	date:TEXT	false		false	OFFLINE_FULL	NONE	SAVE	1	add days|date calculator
date-difference	Date Difference	DATE_TIME	Dates	Intervals	DateTimeTool	DATE_TIME	start:DATE;end:DATE	days:NUMBER;calendar:TEXT	false		false	OFFLINE_FULL	NONE	SAVE	1	date interval|days between dates
discriminant	Discriminant	MATH	Algebra	Quadratic equations	EquationSolver	POLYNOMIAL	a:NUMBER;b:NUMBER;c:NUMBER	discriminant:NUMBER;classification:TEXT	true	MEDIUM,SMALL	false	OFFLINE_FULL	NONE	SAVE	1	delta|quadratic discriminant
finance-compound-interest	Compound Interest	FINANCE	Finance	Interest	FinanceTool	FORMULA	P:NUMBER;r:NUMBER;n:NUMBER;t:NUMBER;A:NUMBER?	A:NUMBER;P:NUMBER	true	LARGE,MEDIUM	true	OFFLINE_FULL	NONE	SAVE	1	
finance-discount	Discount	FINANCE	Finance	Shopping Math	FinanceTool	FORMULA	price:NUMBER;discount:NUMBER;final:NUMBER?	final:NUMBER;price:NUMBER;discount:NUMBER	true	LARGE,MEDIUM	true	OFFLINE_FULL	NONE	SAVE	1	
finance-margin	Margin	FINANCE	Finance	Business Math	FinanceTool	FORMULA	revenue:NUMBER;cost:NUMBER;margin:NUMBER?	margin:NUMBER;cost:NUMBER;revenue:NUMBER	false		false	OFFLINE_FULL	NONE	SAVE	1	
finance-markup	Markup	FINANCE	Finance	Business Math	FinanceTool	FORMULA	cost:NUMBER;markup:NUMBER;price:NUMBER?	price:NUMBER;cost:NUMBER;markup:NUMBER	false		false	OFFLINE_FULL	NONE	SAVE	1	
finance-percentage-change	Percentage Change	FINANCE	Finance	Percentages	FinanceTool	FORMULA	old:NUMBER;new:NUMBER;change:NUMBER?	change:NUMBER;new:NUMBER;old:NUMBER	false		false	OFFLINE_FULL	NONE	SAVE	1	
finance-simple-interest	Simple Interest	FINANCE	Finance	Interest	FinanceTool	FORMULA	P:NUMBER;r:NUMBER;t:NUMBER;A:NUMBER?	A:NUMBER;P:NUMBER;r:NUMBER;t:NUMBER	true	LARGE,MEDIUM	true	OFFLINE_FULL	NONE	SAVE	1	
finance-tax	Tax	FINANCE	Finance	Shopping Math	FinanceTool	FORMULA	subtotal:NUMBER;rate:NUMBER;total:NUMBER?	total:NUMBER;subtotal:NUMBER;rate:NUMBER	false		false	OFFLINE_FULL	NONE	SAVE	1	
finance-tip	Tip	FINANCE	Finance	Everyday Finance	FinanceTool	FORMULA	bill:NUMBER;tip:NUMBER;total:NUMBER?	total:NUMBER;bill:NUMBER;tip:NUMBER	true	LARGE,MEDIUM	true	OFFLINE_FULL	NONE	SAVE	1	
gcd-lcm	GCD / LCM	MATH	Arithmetic	Integers	FormulaSolver	MATH_UTILITY	values:DATASET	gcd:NUMBER;lcm:NUMBER	false		false	OFFLINE_FULL	NONE	SAVE	1	gcd|greatest common divisor|lcm|least common multiple
geometric-sequence	Geometric Sequence	MATH	Algebra	Sequences	FormulaSolver	MATH_UTILITY	first:NUMBER;ratio:NUMBER;n:INTEGER	nth:NUMBER;sum:NUMBER	false		false	OFFLINE_FULL	NONE	SAVE	1	geometric progression|gp
geometry-arc-length	Arc Length	GEOMETRY	Geometry	Circle	GeometryTool	FORMULA	L:NUMBER[m];theta:NUMBER[°];r:NUMBER[m]	L:NUMBER;theta:NUMBER;r:NUMBER	false		false	OFFLINE_FULL	NONE	SAVE	1	
geometry-circle-area	Circle Area	GEOMETRY	Geometry	Circle	GeometryTool	FORMULA	A:NUMBER[m²];r:NUMBER[m]	A:NUMBER;r:NUMBER	true	LARGE,MEDIUM	true	OFFLINE_FULL	NONE	SAVE	1	
geometry-circle-circumference	Circle Circumference	GEOMETRY	Geometry	Circle	GeometryTool	FORMULA	C:NUMBER[m];r:NUMBER[m]	C:NUMBER;r:NUMBER	false		false	OFFLINE_FULL	NONE	SAVE	1	
geometry-cone-volume	Cone Volume	GEOMETRY	Geometry	Cone	GeometryTool	FORMULA	V:NUMBER[m³];r:NUMBER[m];h:NUMBER[m]	V:NUMBER;r:NUMBER;h:NUMBER	false		false	OFFLINE_FULL	NONE	SAVE	1	
geometry-cube	Cube	GEOMETRY	Geometry	Cube	GeometryTool	FORMULA	V:NUMBER[m³];s:NUMBER[m]	V:NUMBER;s:NUMBER	false		false	OFFLINE_FULL	NONE	SAVE	1	
geometry-cuboid-volume	Cuboid Volume	GEOMETRY	Geometry	Cuboid	GeometryTool	FORMULA	V:NUMBER[m³];l:NUMBER[m];w:NUMBER[m];h:NUMBER[m]	V:NUMBER;l:NUMBER;w:NUMBER;h:NUMBER	false		false	OFFLINE_FULL	NONE	SAVE	1	
geometry-cylinder-volume	Cylinder Volume	GEOMETRY	Geometry	Cylinder	GeometryTool	FORMULA	V:NUMBER[m³];r:NUMBER[m];h:NUMBER[m]	V:NUMBER;r:NUMBER;h:NUMBER	true	LARGE,MEDIUM	true	OFFLINE_FULL	NONE	SAVE	1	
geometry-ellipse-area	Ellipse Area	GEOMETRY	Geometry	Ellipse	GeometryTool	FORMULA	A:NUMBER[m²];a:NUMBER[m];b:NUMBER[m]	A:NUMBER;a:NUMBER;b:NUMBER	false		false	OFFLINE_FULL	NONE	SAVE	1	
geometry-heron-area	Heron's Formula	GEOMETRY	Geometry	Triangle	GeometryTool	FORMULA	a:NUMBER[m];b:NUMBER[m];c:NUMBER[m];A:NUMBER[m²]	A:NUMBER	false		false	OFFLINE_FULL	NONE	SAVE	1	heron
geometry-parallelogram-area	Parallelogram Area	GEOMETRY	Geometry	Parallelogram	GeometryTool	FORMULA	A:NUMBER[m²];b:NUMBER[m];h:NUMBER[m]	A:NUMBER;b:NUMBER;h:NUMBER	false		false	OFFLINE_FULL	NONE	SAVE	1	
geometry-prism-volume	Prism Volume	GEOMETRY	Geometry	Prism	GeometryTool	FORMULA	V:NUMBER[m³];B:NUMBER[m²];h:NUMBER[m]	V:NUMBER;B:NUMBER;h:NUMBER	false		false	OFFLINE_FULL	NONE	SAVE	1	
geometry-rectangle-area	Rectangle Area	GEOMETRY	Geometry	Rectangle	GeometryTool	FORMULA	A:NUMBER[m²];w:NUMBER[m];h:NUMBER[m]	A:NUMBER;w:NUMBER;h:NUMBER	true	LARGE,MEDIUM	true	OFFLINE_FULL	NONE	SAVE	1	
geometry-rectangle-perimeter	Rectangle Perimeter	GEOMETRY	Geometry	Rectangle	GeometryTool	FORMULA	P:NUMBER[m];w:NUMBER[m];h:NUMBER[m]	P:NUMBER;w:NUMBER;h:NUMBER	false		false	OFFLINE_FULL	NONE	SAVE	1	
geometry-regular-polygon	Regular Polygon	GEOMETRY	Geometry	Polygon	GeometryTool	FORMULA	n:INTEGER;s:NUMBER[m];P:NUMBER[m];A:NUMBER[m²]	P:NUMBER;A:NUMBER	false		false	OFFLINE_FULL	NONE	SAVE	1	
geometry-rhombus-area	Rhombus Area	GEOMETRY	Geometry	Rhombus	GeometryTool	FORMULA	A:NUMBER[m²];d1:NUMBER[m];d2:NUMBER[m]	A:NUMBER;d1:NUMBER;d2:NUMBER	false		false	OFFLINE_FULL	NONE	SAVE	1	
geometry-right-triangle	Right Triangle	GEOMETRY	Geometry	Triangle	GeometryTool	FORMULA	a:NUMBER[m];b:NUMBER[m];c:NUMBER[m]	c:NUMBER;a:NUMBER;b:NUMBER	true	LARGE,MEDIUM	true	OFFLINE_FULL	NONE	SAVE	1	pythagoras|pythagorean theorem
geometry-sector-area	Sector Area	GEOMETRY	Geometry	Circle	GeometryTool	FORMULA	A:NUMBER[m²];theta:NUMBER[°];r:NUMBER[m]	A:NUMBER;theta:NUMBER;r:NUMBER	false		false	OFFLINE_FULL	NONE	SAVE	1	
geometry-sphere-volume	Sphere Volume	GEOMETRY	Geometry	Sphere	GeometryTool	FORMULA	V:NUMBER[m³];r:NUMBER[m]	V:NUMBER;r:NUMBER	false		false	OFFLINE_FULL	NONE	SAVE	1	
geometry-square	Square	GEOMETRY	Geometry	Square	GeometryTool	FORMULA	A:NUMBER[m²];s:NUMBER[m]	A:NUMBER;s:NUMBER	false		false	OFFLINE_FULL	NONE	SAVE	1	
geometry-trapezoid-area	Trapezoid Area	GEOMETRY	Geometry	Trapezoid	GeometryTool	FORMULA	A:NUMBER[m²];a:NUMBER[m];b:NUMBER[m];h:NUMBER[m]	A:NUMBER;h:NUMBER;a:NUMBER;b:NUMBER	false		false	OFFLINE_FULL	NONE	SAVE	1	
geometry-triangle-area	Triangle Area	GEOMETRY	Geometry	Triangle	GeometryTool	FORMULA	A:NUMBER[m²];b:NUMBER[m];h:NUMBER[m]	A:NUMBER;b:NUMBER;h:NUMBER	true	LARGE,MEDIUM	true	OFFLINE_FULL	NONE	SAVE	1	
graph-circle	Circle Graph	MATH	Graphing	Circle	GraphTool	GRAPH	h:NUMBER;k:NUMBER;r:NUMBER	graph:GRAPH	true	LARGE,MEDIUM,SMALL	true	OFFLINE_FULL	NONE	SAVE	1	circle
graph-ellipse	Ellipse Graph	MATH	Graphing	Ellipse	GraphTool	GRAPH	h:NUMBER;k:NUMBER;a:NUMBER;b:NUMBER	graph:GRAPH	true	LARGE,MEDIUM,SMALL	true	OFFLINE_FULL	NONE	SAVE	1	ellipse
graph-functions	Graph	MATH	Graphing	Functions and conics	GraphTool	GRAPH	expressions:TEXT	graph:GRAPH	true	LARGE,MEDIUM,SMALL	false	OFFLINE_FULL	NONE	SAVE	1	function graph|graphing calculator
graph-hyperbola	Hyperbola Graph	MATH	Graphing	Hyperbola	GraphTool	GRAPH	h:NUMBER;k:NUMBER;a:NUMBER;b:NUMBER;orientation:SELECT{horizontal,vertical}	graph:GRAPH	true	LARGE,MEDIUM,SMALL	true	OFFLINE_FULL	NONE	SAVE	1	hyperbola
graph-line	Line Graph	MATH	Graphing	Line	GraphTool	GRAPH	m:NUMBER?;b:NUMBER?;x1:NUMBER?;y1:NUMBER?;x2:NUMBER?;y2:NUMBER?	graph:GRAPH	false		false	OFFLINE_FULL	NONE	SAVE	1	line|linear graph
graph-parabola	Parabola	MATH	Graphing	Parabola	GraphTool	GRAPH	a:NUMBER;h:NUMBER?;k:NUMBER?;b:NUMBER?;c:NUMBER?;form:SELECT?{vertex,standard}	graph:GRAPH	true	LARGE,MEDIUM,SMALL	true	OFFLINE_FULL	NONE	SAVE	1	parabola graph|quadratic graph
line-slope	Slope	GEOMETRY	Coordinate Geometry	Line	GeometryTool	GEOMETRY	x1:NUMBER;y1:NUMBER;x2:NUMBER;y2:NUMBER	slope:NUMBER	false		false	OFFLINE_FULL	NONE	SAVE	1	
linear-equation	Linear Equation Solver	MATH	Algebra	Linear equations	EquationSolver	POLYNOMIAL	a:NUMBER;b:NUMBER;rhs:NUMBER?	root:NUMBER	false		false	OFFLINE_FULL	NONE	SAVE	1	first degree equation|linear equation
linear-inequality	Linear Inequality Solver	MATH	Algebra	Inequalities	EquationSolver	MATH_UTILITY	a:NUMBER;b:NUMBER;operator:SELECT{<,<=,>,>=};rhs:NUMBER	solution:TEXT	false		false	OFFLINE_FULL	NONE	SAVE	1	inequality|linear inequality
linear-system	System of Linear Equations	MATH	Algebra	Systems of equations	EquationSolver	EXPRESSION	expression:TEXT	solution:STRUCTURED	false		false	OFFLINE_FULL	NONE	SAVE	1	linear system|simultaneous equations
loan-payment	Loan Payment	FINANCE	Loans	Amortization	FinanceTool	FINANCE	principal:NUMBER;annualRate:NUMBER;months:INTEGER	monthlyPayment:NUMBER;totalPaid:NUMBER	false		false	OFFLINE_FULL	NONE	SAVE	1	loan|monthly payment
matrix-tool	Matrix Calculator	MATH	Linear Algebra	Matrices	MatrixTool	MATRIX	operation:SELECT{add,subtract,multiply,transpose,determinant,inverse,rank,solve};a:MATRIX;b:MATRIX?	result:MATRIX	false		false	OFFLINE_FULL	NONE	SAVE	1	determinant|inverse matrix|matrix
mean	Mean	STATISTICS	Descriptive Statistics	Dataset	StatisticsTool	STATISTICS	data:DATASET;operation:SELECT?{mean}	result:NUMBER	false		false	OFFLINE_FULL	NONE	SAVE	1	
median	Median	STATISTICS	Descriptive Statistics	Dataset	StatisticsTool	STATISTICS	data:DATASET;operation:SELECT?{median}	result:NUMBER	false		false	OFFLINE_FULL	NONE	SAVE	1	
mode	Mode	STATISTICS	Descriptive Statistics	Dataset	StatisticsTool	STATISTICS	data:DATASET;operation:SELECT?{mode}	result:NUMBER	false		false	OFFLINE_FULL	NONE	SAVE	1	
molar-mass	Molar Mass	CHEMISTRY	Amount of Substance	Chemical formulas	FormulaSolver	CHEMISTRY	formula:TEXT	molarMass:NUMBER	false		false	OFFLINE_FULL	NONE	SAVE	1	formula mass|molecular weight
percent-composition	Percent Composition	CHEMISTRY	Composition	Chemical formulas	FormulaSolver	CHEMISTRY	formula:TEXT	composition:STRUCTURED	false		false	OFFLINE_FULL	NONE	SAVE	1	
percentage-of	Percentage Of	MATH	Arithmetic	Percentages	FormulaSolver	FORMULA	percent:NUMBER;value:NUMBER;result:NUMBER?	result:NUMBER;percent:NUMBER;value:NUMBER	true	LARGE,MEDIUM	true	OFFLINE_FULL	NONE	SAVE	1	percent of|percentage
percentile	Percentile / Quantile	STATISTICS	Descriptive Statistics	Quantiles	StatisticsTool	STATISTICS	data:DATASET;percentile:NUMBER	result:NUMBER	false		false	OFFLINE_FULL	NONE	SAVE	1	
permutations-combinations	Permutations / Combinations	MATH	Probability	Combinatorics	FormulaSolver	MATH_UTILITY	n:INTEGER;r:INTEGER	nPr:NUMBER;nCr:NUMBER	false		false	OFFLINE_FULL	NONE	SAVE	1	combinations|ncr|npr|permutations
physics-acceleration	Acceleration	PHYSICS	Physics	Motion	FormulaSolver	FORMULA	a:NUMBER[m/s²];v:NUMBER[m/s];u:NUMBER[m/s];t:NUMBER[s]	a:NUMBER;v:NUMBER;u:NUMBER;t:NUMBER	false		false	OFFLINE_FULL	NONE	SAVE	1	
physics-density	Density	PHYSICS	Physics	Mechanics	FormulaSolver	FORMULA	rho:NUMBER[kg/m³];m:NUMBER[kg];V:NUMBER[m³]	rho:NUMBER;m:NUMBER;V:NUMBER	false		false	OFFLINE_FULL	NONE	SAVE	1	
physics-electrical-power	Electrical Power	PHYSICS	Physics	Electricity	FormulaSolver	FORMULA	P:NUMBER[W];V:NUMBER[V];I:NUMBER[A]	P:NUMBER;V:NUMBER;I:NUMBER	true	LARGE,MEDIUM	true	OFFLINE_FULL	NONE	SAVE	1	
physics-force	Force	PHYSICS	Physics	Mechanics	FormulaSolver	FORMULA	F:NUMBER[N];m:NUMBER[kg];a:NUMBER[m/s²]	F:NUMBER;m:NUMBER;a:NUMBER	false		false	OFFLINE_FULL	NONE	SAVE	1	
physics-frequency-period	Frequency / Period	PHYSICS	Physics	Waves	FormulaSolver	FORMULA	f:NUMBER[Hz];T:NUMBER[s]	f:NUMBER;T:NUMBER	false		false	OFFLINE_FULL	NONE	SAVE	1	
physics-heat-energy	Heat Energy	PHYSICS	Physics	Thermal	FormulaSolver	FORMULA	Q:NUMBER[J];m:NUMBER[kg];c:NUMBER[J/(kg·K)];dT:NUMBER[K]	Q:NUMBER;m:NUMBER;c:NUMBER;dT:NUMBER	false		false	OFFLINE_FULL	NONE	SAVE	1	
physics-ideal-lens	Thin Lens	PHYSICS	Physics	Optics	FormulaSolver	FORMULA	f:NUMBER[m];do:NUMBER[m];di:NUMBER[m]	f:NUMBER;do:NUMBER;di:NUMBER	false		false	OFFLINE_FULL	NONE	SAVE	1	
physics-impulse	Impulse	PHYSICS	Physics	Mechanics	FormulaSolver	FORMULA	J:NUMBER[N·s];F:NUMBER[N];t:NUMBER[s]	J:NUMBER;F:NUMBER;t:NUMBER	false		false	OFFLINE_FULL	NONE	SAVE	1	
physics-kinetic-energy	Kinetic Energy	PHYSICS	Physics	Energy	FormulaSolver	FORMULA	KE:NUMBER[J];m:NUMBER[kg];v:NUMBER[m/s]	KE:NUMBER;m:NUMBER;v:NUMBER	false		false	OFFLINE_FULL	NONE	SAVE	1	
physics-momentum	Momentum	PHYSICS	Physics	Mechanics	FormulaSolver	FORMULA	p:NUMBER[kg·m/s];m:NUMBER[kg];v:NUMBER[m/s]	p:NUMBER;m:NUMBER;v:NUMBER	false		false	OFFLINE_FULL	NONE	SAVE	1	
physics-ohms-law	Ohm's Law	PHYSICS	Physics	Electricity	FormulaSolver	FORMULA	V:NUMBER[V];I:NUMBER[A];R:NUMBER[Ω]	V:NUMBER;I:NUMBER;R:NUMBER	true	LARGE,MEDIUM	true	OFFLINE_FULL	NONE	SAVE	1	ohm|ohms law
physics-potential-energy	Gravitational Potential Energy	PHYSICS	Physics	Energy	FormulaSolver	FORMULA	PE:NUMBER[J];m:NUMBER[kg];g:NUMBER[m/s²];h:NUMBER[m]	PE:NUMBER;m:NUMBER;g:NUMBER;h:NUMBER	false		false	OFFLINE_FULL	NONE	SAVE	1	
physics-power-work-time	Power	PHYSICS	Physics	Energy	FormulaSolver	FORMULA	P:NUMBER[W];W:NUMBER[J];t:NUMBER[s]	P:NUMBER;W:NUMBER;t:NUMBER	false		false	OFFLINE_FULL	NONE	SAVE	1	
physics-pressure	Pressure	PHYSICS	Physics	Mechanics	FormulaSolver	FORMULA	p:NUMBER[Pa];F:NUMBER[N];A:NUMBER[m²]	p:NUMBER;F:NUMBER;A:NUMBER	false		false	OFFLINE_FULL	NONE	SAVE	1	
physics-speed	Speed / Distance / Time	PHYSICS	Physics	Motion	FormulaSolver	FORMULA	v:NUMBER[m/s];d:NUMBER[m];t:NUMBER[s]	v:NUMBER;d:NUMBER;t:NUMBER	false		false	OFFLINE_FULL	NONE	SAVE	1	
physics-torque	Torque	PHYSICS	Physics	Rotation	FormulaSolver	FORMULA	tau:NUMBER[N·m];F:NUMBER[N];r:NUMBER[m]	tau:NUMBER;F:NUMBER;r:NUMBER	false		false	OFFLINE_FULL	NONE	SAVE	1	
physics-wave-speed	Wave Speed	PHYSICS	Physics	Waves	FormulaSolver	FORMULA	v:NUMBER[m/s];f:NUMBER[Hz];lambda:NUMBER[m]	v:NUMBER;f:NUMBER;lambda:NUMBER	false		false	OFFLINE_FULL	NONE	SAVE	1	
physics-work	Work	PHYSICS	Physics	Energy	FormulaSolver	FORMULA	W:NUMBER[J];F:NUMBER[N];d:NUMBER[m]	W:NUMBER;F:NUMBER;d:NUMBER	false		false	OFFLINE_FULL	NONE	SAVE	1	
polynomial-division	Polynomial Division	MATH	Algebra	Polynomials	PolynomialSolver	POLYNOMIAL	dividend:DATASET;divisor:DATASET	quotient:DATASET;remainder:DATASET	false		false	OFFLINE_FULL	NONE	SAVE	1	long polynomial division
polynomial-roots	Polynomial Roots	MATH	Algebra	Polynomials	PolynomialSolver	POLYNOMIAL	coefficients:DATASET	roots:ROOTS	false		false	OFFLINE_FULL	NONE	SAVE	1	higher degree solver|roots of polynomial
prime-factorization	Prime Factorization	MATH	Arithmetic	Integers	FormulaSolver	MATH_UTILITY	value:INTEGER	factors:TEXT	false		false	OFFLINE_FULL	NONE	SAVE	1	factorization|prime factors
programmer-calculator	Programmer Calculator	COMPUTER	Programmer	Integer bases and bitwise operations	ProgrammerCalculator	PROGRAMMER	expression:EXPRESSION;bitWidth:SELECT?{8,16,32,64};signedness:SELECT?{signed,unsigned}	result:STRUCTURED	true	LARGE,MEDIUM	true	OFFLINE_FULL	NONE	SAVE	1	binary calculator|bitwise calculator|hex calculator
quadratic-solver	Quadratic Equation Solver	MATH	Algebra	Quadratic equations	EquationSolver	POLYNOMIAL	a:NUMBER;b:NUMBER;c:NUMBER;rhs:NUMBER?	roots:ROOTS;discriminant:NUMBER	true	LARGE,MEDIUM	true	OFFLINE_FULL	NONE	SAVE	1	quadratic|quadratic roots|second degree equation
quartic-solver	Quartic Equation Solver	MATH	Algebra	Quartic equations	PolynomialSolver	POLYNOMIAL	a:NUMBER;b:NUMBER;c:NUMBER;d:NUMBER;e:NUMBER;rhs:NUMBER?	roots:ROOTS	false		false	OFFLINE_FULL	NONE	SAVE	1	fourth degree equation|quartic
range	Range	STATISTICS	Descriptive Statistics	Dataset	StatisticsTool	STATISTICS	data:DATASET;operation:SELECT?{range}	result:NUMBER	false		false	OFFLINE_FULL	NONE	SAVE	1	
ratio-proportion	Proportion Solver	MATH	Arithmetic	Ratios and proportions	FormulaSolver	FORMULA	a:NUMBER;b:NUMBER;c:NUMBER;d:NUMBER	a:NUMBER;b:NUMBER;c:NUMBER;d:NUMBER	false		false	OFFLINE_FULL	NONE	SAVE	1	proportion|ratio solver
scientific-calculator	Scientific Calculator	MATH	Scientific	Scientific calculation	ScientificCalculator	EXPRESSION	expression:EXPRESSION	result:NUMBER	true	LARGE,MEDIUM	true	OFFLINE_FULL	NONE	SAVE	1	sci calc|scientific
split-bill	Split Bill	FINANCE	Everyday Finance	Bill sharing	FinanceTool	FINANCE	bill:NUMBER;tip:NUMBER?;people:INTEGER	total:NUMBER;perPerson:NUMBER	true	LARGE,MEDIUM	false	OFFLINE_FULL	NONE	SAVE	1	bill split
standard-calculator	Standard Calculator	MATH	Arithmetic	General calculation	StandardCalculator	EXPRESSION	expression:EXPRESSION	result:NUMBER	true	LARGE,MEDIUM,SMALL	true	OFFLINE_FULL	NONE	SAVE	1	basic calculator|calculator|standard
standard-deviation	Standard Deviation	STATISTICS	Descriptive Statistics	Dataset	StatisticsTool	STATISTICS	data:DATASET;operation:SELECT?{stddev}	result:NUMBER	false		false	OFFLINE_FULL	NONE	SAVE	1	std|stddev
statistics-dataset	Statistics Dataset	STATISTICS	Descriptive Statistics	Dataset summaries	StatisticsTool	STATISTICS	data:DATASET;operation:SELECT{summary,mean,median,mode,range,weighted mean,variance,stddev,percentile};percentile:NUMBER?	result:STRUCTURED	true	LARGE,MEDIUM	false	OFFLINE_FULL	NONE	SAVE	1	standard deviation|statistics|stats
text-analyzer	Text Analyzer	TEXT_LANGUAGE	Text	Counts and language metadata	TextAnalyzer	TEXT_ANALYZER	text:TEXT	characters:NUMBER;charactersNoSpaces:NUMBER;words:NUMBER;sentences:NUMBER;paragraphs:NUMBER	false		false	OFFLINE_FULL	NONE	SAVE_SUMMARY_ONLY	1	character counter|text scanner|word counter
triangle-solver	Triangle Solver	GEOMETRY	Triangle	Side and angle solving	GeometryTool	GEOMETRY	a:NUMBER?;b:NUMBER?;c:NUMBER?;A:NUMBER?;B:NUMBER?;C:NUMBER?	solution:STRUCTURED	true	LARGE,MEDIUM	false	OFFLINE_FULL	NONE	SAVE	1	solve triangle|triangle sides angles
variance	Variance	STATISTICS	Descriptive Statistics	Dataset	StatisticsTool	STATISTICS	data:DATASET;operation:SELECT?{variance}	result:NUMBER	false		false	OFFLINE_FULL	NONE	SAVE	1	
vector-tool	Vector Calculator	MATH	Linear Algebra	Vectors	VectorTool	VECTOR	operation:SELECT{magnitude,dot,cross,angle,projection};a:VECTOR;b:VECTOR?	result:VECTOR	false		false	OFFLINE_FULL	NONE	SAVE	1	cross product|dot product|vectors
vieta	Vieta's Formulas	MATH	Algebra	Quadratic equations	EquationSolver	POLYNOMIAL	a:NUMBER;b:NUMBER;c:NUMBER	sum:NUMBER;product:NUMBER	true	MEDIUM,SMALL	false	OFFLINE_FULL	NONE	SAVE	1	viet|vieta|viets theorem|viyet
weighted-mean	Weighted Mean	STATISTICS	Descriptive Statistics	Weighted data	StatisticsTool	STATISTICS	data:DATASET;weights:DATASET	result:NUMBER	false		false	OFFLINE_FULL	NONE	SAVE	1	
